Pair Address,Price (USD),FDV,Market Cap,Liquidity (USD),M5 Buys,M5 Sells,H1 Buys,H1 Sells,H6 Buys,H6 Sells,H24 Buys,H24 Sells,Volume M5,Volume H1,Volume H6,Volume H24
3BRiSwC2fyQPfBTtB5sHMuWgKgkBm5wrxSRNSMqasJp4,0.06887,688775728,688775728,7826.62,11,0,11,0,11,0,11,0,4028.69,4028.69,4028.69,4028.69
3BRiSwC2fyQPfBTtB5sHMuWgKgkBm5wrxSRNSMqasJp4,0.06887,688775728,688775728,7826.62,11,0,11,0,11,0,11,0,4028.69,4028.69,4028.69,4028.69
3BRiSwC2fyQPfBTtB5sHMuWgKgkBm5wrxSRNSMqasJp4,0.06887,688775728,688775728,7826.62,11,0,11,0,11,0,11,0,4028.69,4028.69,4028.69,4028.69
3BRiSwC2fyQPfBTtB5sHMuWgKgkBm5wrxSRNSMqasJp4,0.06887,688775728,688775728,7826.62,11,0,11,0,11,0,11,0,4028.69,4028.69,4028.69,4028.69
3BRiSwC2fyQPfBTtB5sHMuWgKgkBm5wrxSRNSMqasJp4,0.08912,891270775,891270775,8880.24,12,0,12,0,12,0,12,0,4388.77,4388.77,4388.77,4388.77
3BRiSwC2fyQPfBTtB5sHMuWgKgkBm5wrxSRNSMqasJp4,0.08912,891270775,891270775,8880.24,12,0,12,0,12,0,12,0,4388.77,4388.77,4388.77,4388.77
3BRiSwC2fyQPfBTtB5sHMuWgKgkBm5wrxSRNSMqasJp4,0.08912,891270775,891270775,8880.24,12,0,12,0,12,0,12,0,4388.77,4388.77,4388.77,4388.77
3BRiSwC2fyQPfBTtB5sHMuWgKgkBm5wrxSRNSMqasJp4,0.08912,891270775,891270775,8880.24,12,0,12,0,12,0,12,0,4388.77,4388.77,4388.77,4388.77
3BRiSwC2fyQPfBTtB5sHMuWgKgkBm5wrxSRNSMqasJp4,0.09667,966744866,966744866,9241.44,13,0,13,0,13,0,13,0,4388.99,4388.99,4388.99,4388.99
3BRiSwC2fyQPfBTtB5sHMuWgKgkBm5wrxSRNSMqasJp4,0.09667,966744866,966744866,9241.44,13,0,13,0,13,0,13,0,4388.99,4388.99,4388.99,4388.99
3BRiSwC2fyQPfBTtB5sHMuWgKgkBm5wrxSRNSMqasJp4,0.09667,966744866,966744866,9241.44,13,0,13,0,13,0,13,0,4388.99,4388.99,4388.99,4388.99
3BRiSwC2fyQPfBTtB5sHMuWgKgkBm5wrxSRNSMqasJp4,0.09667,966744866,966744866,9241.44,13,0,13,0,13,0,13,0,4388.99,4388.99,4388.99,4388.99
3BRiSwC2fyQPfBTtB5sHMuWgKgkBm5wrxSRNSMqasJp4,0.09806,980647866,980647866,9306.29,14,0,14,0,14,0,14,0,4456.99,4456.99,4456.99,4456.99
3BRiSwC2fyQPfBTtB5sHMuWgKgkBm5wrxSRNSMqasJp4,0.09806,980647866,980647866,9306.29,14,0,14,0,14,0,14,0,4456.99,4456.99,4456.99,4456.99
3BRiSwC2fyQPfBTtB5sHMuWgKgkBm5wrxSRNSMqasJp4,0.09806,980647866,980647866,9306.29,14,0,14,0,14,0,14,0,4456.99,4456.99,4456.99,4456.99
3BRiSwC2fyQPfBTtB5sHMuWgKgkBm5wrxSRNSMqasJp4,0.09806,980647866,980647866,9306.29,14,0,14,0,14,0,14,0,4456.99,4456.99,4456.99,4456.99
